"id","org_id","code","name","description","update_date","update_source"
"1","HCST_0","code_0","Kimberly Riley","descriptionText_6","2021-05-16 00:55:27.000000","Update_Source_1"
"5","HCST_0","code_5","Sarah Jones","descriptionText_2","2021-04-23 23:03:57.000000","Update_Source_4"
"6","HCST_0","code_6","Rodney Garrett","","2021-05-17 22:10:06.000000","Update_Source_1"
"8","HCST_0","code_8","Haley Klein","descriptionText_7","2021-04-17 03:38:51.000000","Update_Source_1"
"10","HCST_0","code_10","Elizabeth Montgomery","","2021-06-07 22:05:29.000000","Update_Source_1"
"14","HCST_0","code_14","Kristine Murray","descriptionText_7","2021-05-02 10:24:44.000000","Update_Source_3"
"16","HCST_0","code_16","Robert Scott","descriptionText_1","2021-05-02 08:11:38.000000","Update_Source_4"
"17","HCST_0","code_17","Madeline Sparks","descriptionText_7","2021-06-16 21:18:04.000000","Update_Source_1"
"18","HCST_0","code_18","Adam Mcdonald","descriptionText_6","2021-05-28 22:33:55.000000","Update_Source_1"
"23","HCST_0","code_23","Roberto Mack","descriptionText_7","2021-06-11 01:57:42.000000","Update_Source_3"
